Команда	Число операндов	Длина операнда 1	Тип операнда 1	Длина операнда 2	Тип операнда 2	Всего байт	Описание
NOP	0	0		0		1	Нет операции
HALT	0	0		0		1	Остановка машины, возврат, программа полностью выполнена
MOV A, DATA64	1	8	uint64_t	0		9	Пересылает в регистр A 64-битное число
MOV B, DATA64	1	8	uint64_t	0		9	Пересылает в регистр B целое число
LD64 A, M	1	8	uint64_t	0		9	Загружает в регистр A слово, расположенное по адресу M
ST64 M, A	1	8	uint64_t	0		9	Поместить по адресу M слово из регистра A
ADI A, B	0	0		0		1	A=A+B, складывает два числа со знаком
IMUL A, B	0	0		0		1	A=A*B, умножает два числа со знаком
